"<strong>Client</strong> <span style=""float: right;"">[c_client_addr]</span>","value"
"14.141.244.61","193998"
"52.18.1.145","17916"
"192.168.31.95","6422"
"192.168.31.133","5705"
"192.168.102.18","4648"
"192.168.102.138","4507"
"192.168.18.111","4144"
"192.168.27.117","3750"
"192.168.29.2","3683"
"192.168.30.60","3608"
"192.168.103.37","3575"
"192.168.30.188","3537"
"192.168.30.28","3384"
"192.168.102.251","3342"
"192.168.103.40","3327"
"192.168.1.230","3295"
"192.168.103.5","3132"
"192.168.28.170","2996"
"192.168.102.69","2924"
"192.168.31.125","2916"
"192.168.29.146","2909"
"192.168.1.102","2908"
"192.168.102.174","2887"
"192.168.30.235","2876"
"192.168.102.119","2790"
"192.168.102.41","2751"
"192.168.28.243","2706"
"192.168.102.146","2663"
"192.168.29.68","2623"
"192.168.102.129","2589"
"192.168.29.202","2565"
"192.168.31.24","2528"
"192.168.31.219","2498"
"192.168.100.9","2482"
"192.168.102.219","2461"
"192.168.28.140","2453"
"192.168.30.206","2452"
"192.168.102.54","2439"
"192.168.27.69","2387"
"192.168.29.222","2386"
"192.168.102.87","2380"
"192.168.102.186","2363"
"192.168.102.197","2341"
"192.168.102.192","2330"
"192.168.102.17","2327"
"192.168.103.41","2296"
"192.168.102.19","2292"
"192.168.100.97","2233"
"192.168.31.73","2233"
"192.168.102.222","2210"
"192.168.102.229","2172"
"192.168.27.181","2170"
"192.168.102.148","2163"
"192.168.100.93","2157"
"192.168.31.38","2150"
"192.168.27.147","2082"
"192.168.30.223","2067"
"192.168.28.203","2019"
"192.168.103.23","2009"
"192.168.103.30","2009"
"192.168.103.2","2001"
"192.168.103.39","1967"
"192.168.102.88","1964"
"192.168.27.124","1962"
"192.168.103.19","1957"
"192.168.18.113","1948"
"192.168.29.182","1945"
"192.168.102.245","1943"
"192.168.102.190","1936"
"192.168.102.55","1920"
"192.168.102.154","1916"
"192.168.102.3","1915"
"192.168.103.26","1910"
"192.168.29.134","1896"
"192.168.102.39","1891"
"192.168.102.56","1888"
"192.168.29.102","1886"
"192.168.100.145","1886"
"192.168.102.91","1885"
"192.168.2.50","1881"
"192.168.102.60","1863"
"192.168.102.145","1858"
"192.168.28.204","1856"
"192.168.31.81","1829"
"192.168.102.152","1828"
"192.168.102.228","1826"
"192.168.103.6","1811"
"192.168.102.22","1804"
"192.168.102.246","1801"
"192.168.103.44","1793"
"192.168.100.28","1787"
"192.168.102.44","1781"
"192.168.102.250","1780"
"192.168.102.183","1777"
"192.168.102.196","1774"
"192.168.102.142","1771"
"192.168.100.89","1769"
"192.168.18.90","1745"
"192.168.100.34","1745"
"192.168.28.101","1745"
"192.168.102.224","1743"
"192.168.102.130","1742"
"192.168.103.7","1731"
"192.168.102.82","1700"
"192.168.102.67","1693"
"192.168.102.252","1689"
"192.168.102.128","1685"
"192.168.102.126","1673"
"192.168.102.123","1670"
"192.168.102.25","1666"
"192.168.103.27","1665"
"192.168.100.5","1641"
"192.168.103.24","1637"
"192.168.103.21","1630"
"192.168.28.226","1627"
"192.168.31.100","1614"
"152.199.43.62","1612"
"192.168.102.50","1609"
"192.168.102.144","1609"
"192.168.103.16","1601"
"192.168.102.106","1600"
"192.168.29.233","1599"
"192.168.102.1","1595"
"192.168.100.72","1579"
"192.168.102.51","1572"
"192.168.102.7","1565"
"192.168.102.248","1531"
"192.168.102.180","1524"
"192.168.29.28","1524"
"192.168.102.181","1504"
"192.168.102.4","1499"
"192.168.29.186","1499"
"192.168.102.206","1493"
"192.168.102.187","1492"
"192.168.102.225","1489"
"192.168.102.149","1482"
"192.168.102.48","1476"
"192.168.27.214","1466"
"192.168.103.4","1449"
"45.54.49.1","1443"
"192.168.102.2","1433"
"192.168.102.53","1422"
"192.168.31.163","1422"
"192.168.28.12","1413"
"192.168.102.80","1412"
"192.168.102.10","1410"
"192.168.103.3","1401"
"192.168.102.31","1401"
"192.168.102.47","1395"
"192.168.28.251","1382"
"192.168.102.134","1381"
"192.168.102.227","1378"
"192.168.103.17","1371"
"192.168.31.117","1363"
"192.168.102.235","1362"
"192.168.102.151","1356"
"192.168.102.150","1346"
"192.168.102.214","1341"
"192.168.103.38","1340"
"192.168.103.9","1338"
"192.168.102.158","1338"
"192.168.31.4","1335"
"192.168.102.203","1332"
"192.168.102.113","1324"
"192.168.102.136","1316"
"192.168.102.135","1315"
"192.168.103.11","1286"
"192.168.102.5","1286"
"192.168.102.249","1282"
"192.168.102.29","1277"
"192.168.100.80","1273"
"192.168.103.31","1266"
"192.168.102.127","1265"
"192.168.103.1","1261"
"192.168.102.118","1260"
"192.168.102.132","1259"
"192.168.100.87","1249"
"192.168.103.46","1247"
"192.168.103.15","1242"
"192.168.18.220","1241"
"192.168.31.181","1239"
"192.168.102.23","1229"
"192.168.100.4","1225"
"192.168.102.234","1220"
"192.168.28.1","1218"
"192.168.31.237","1218"
"192.168.102.143","1194"
"192.168.100.111","1179"
"192.168.102.79","1174"
"192.168.28.246","1172"
"192.168.102.9","1160"
"192.168.27.110","1154"
"192.168.18.67","1141"
"192.168.102.42","1132"
"192.168.102.35","1129"
"192.168.31.122","1115"
"192.168.102.153","1110"
"192.168.100.118","1108"
"192.168.27.48","1088"
"192.168.102.189","1084"
"192.168.28.51","1067"
"192.168.102.209","1058"
"192.168.102.111","1035"
"192.168.102.167","1032"
"192.168.102.211","1024"
"192.168.102.120","1023"
"192.168.102.141","1007"
"192.168.100.99","992"
"192.168.5.21","988"
"192.168.30.79","984"
"192.168.102.11","983"
"192.168.29.85","983"
"192.168.28.116","982"
"192.168.102.12","982"
"192.168.103.18","970"
"192.168.100.141","967"
"192.168.102.37","957"
"192.168.30.30","954"
"192.168.102.110","948"
"192.168.28.155","926"
"192.168.31.127","912"
"192.168.31.223","911"
"23.64.59.65","899"
"192.168.100.32","897"
"192.168.102.226","896"
"192.168.103.45","888"
"192.168.103.28","887"
"192.168.29.129","871"
"54.187.119.242","862"
"192.168.102.194","857"
"192.168.102.33","852"
"192.168.29.86","843"
"192.168.103.14","842"
"103.84.152.178","836"
"192.168.103.82","829"
"192.168.100.148","827"
"192.168.29.77","815"
"192.168.27.126","802"
"192.168.102.16","793"
"54.186.23.98","786"
"192.168.102.96","779"
"192.168.28.244","757"
"54.187.159.182","742"
"192.168.102.121","740"
"192.168.30.100","716"
"192.168.30.85","697"
"192.168.28.121","688"
"192.168.29.107","669"
"192.168.102.49","658"
"192.168.27.167","646"
"192.168.30.26","641"
"23.64.59.16","612"
"192.168.29.84","604"
"192.168.27.38","586"
"192.168.29.93","559"
"192.168.102.114","557"
"192.168.102.198","550"
"192.168.30.209","502"
"192.168.27.144","494"
"192.168.30.119","494"
"192.168.28.215","470"
"192.168.30.213","467"
"192.168.31.37","449"
"192.168.27.146","449"
"192.168.31.97","432"
"192.168.29.206","431"
"192.168.31.124","420"
"192.168.102.117","415"
"192.168.31.153","408"
"192.168.29.169","401"
"192.168.29.89","397"
"192.168.29.94","395"
"192.168.31.3","389"
"192.168.27.173","378"
"162.19.234.39","348"
"138.199.14.91","335"
"192.168.31.248","330"
"20.114.189.135","318"
"152.199.40.67","311"
"103.84.152.177","299"
"184.51.195.170","230"
"184.51.195.225","229"
"192.168.102.184","222"
"8.8.8.8","222"
"51.159.251.222","209"
"192.168.102.238","206"
"8.8.4.4","193"
"192.168.29.34","191"
"13.250.45.131","178"
"192.168.1.90","176"
"192.168.102.92","163"
"47.129.46.85","157"
"23.54.83.90","156"
"52.74.98.83","154"
"52.76.14.176","151"
"23.54.83.64","150"
"18.139.226.28","146"
"52.74.114.251","145"
"192.168.30.54","144"
"18.140.71.116","140"
"34.107.199.61","140"
"13.228.126.182","126"
"52.220.44.249","123"
"192.168.2.240","121"
"52.16.118.48","120"
"13.229.99.149","114"
"192.168.31.2","112"
"104.90.6.120","110"
"14.141.244.59","107"
"192.168.100.129","107"
"79.110.62.206","107"
"13.228.224.121","105"
"192.168.18.117","96"
"192.168.102.97","96"
"92.223.88.41","94"
"54.182.1.17","91"
"172.217.174.238","90"
"104.90.6.72","88"
"54.182.1.72","86"
"142.251.42.33","85"
"45.54.49.5","80"
"34.107.243.93","79"
"192.168.28.248","78"
"54.182.1.184","77"
"54.182.1.161","76"
"142.250.183.174","76"
"35.190.10.96","75"
"121.196.187.75","75"
"142.251.42.110","75"
"192.168.1.30","74"
"192.168.1.108","74"
"142.250.70.46","73"
"192.168.30.29","66"
"142.251.42.101","65"
"192.168.6.50","65"
"192.168.29.64","64"
"20.150.22.100","63"
"149.50.106.170","63"
"142.251.10.84","62"
"192.168.3.240","56"
"182.161.73.136","56"
"192.168.102.177","55"
"192.168.1.101","54"
"192.168.201.43","53"
"192.168.200.64","52"
"142.250.67.228","52"
"192.168.31.123","51"
"192.168.200.73","50"
"192.168.27.52","50"
"192.168.200.58","50"
"192.168.201.40","50"
"20.197.3.234","50"
"192.168.29.199","50"
"152.195.38.76","50"
"13.229.230.30","49"
"37.59.29.33","49"
"192.168.102.179","49"
"20.78.118.165","49"
"192.168.29.112","49"
"192.168.102.217","48"
"142.250.183.138","48"
"204.79.197.203","46"
"192.168.102.162","46"
"35.184.35.160","46"
"192.168.102.239","46"
"92.223.88.232","45"
"185.229.191.39","43"
"142.250.192.110","42"
"192.168.27.182","42"
"13.107.42.14","40"
"195.181.174.174","40"
"203.192.224.3","40"
"57.128.101.78","39"
"170.114.52.66","39"
"142.250.199.170","38"
"57.128.101.74","38"
"44.229.222.6","37"
"44.224.142.38","37"
"142.251.42.106","36"
"192.168.27.88","36"
"192.168.30.242","36"
"142.250.182.202","35"
"74.125.68.109","34"
"142.251.42.67","34"
"44.240.121.251","34"
"170.114.52.6","33"
"78.47.62.131","32"
"35.164.187.162","32"
"10.10.0.46","31"
"44.229.200.132","31"
"170.114.52.83","30"
"104.18.37.204","30"
"44.241.105.90","29"
"134.119.245.92","29"
"34.210.255.80","28"
"44.237.65.237","27"
"209.126.3.206","27"
"192.229.232.200","27"
"142.250.192.14","27"
"57.128.101.77","26"
"149.154.170.200","26"
"4.195.15.137","26"
"20.12.121.64","25"
"142.250.70.78","25"
"142.251.42.34","24"
"142.250.183.74","24"
"192.168.1.232","24"
"104.90.6.107","24"
"142.250.67.206","24"
"142.250.66.14","24"
"192.168.29.22","24"
"20.189.173.11","24"
"157.240.242.35","23"
"44.229.209.246","23"
"183.177.127.222","23"
"142.250.192.74","23"
"17.248.162.100","22"
"95.164.18.189","22"
"3.235.96.60","22"
"142.250.192.138","22"
"142.250.183.72","22"
"192.168.3.14","22"
"35.201.101.243","21"
"142.251.42.78","21"
"142.250.192.78","21"
"13.107.246.68","21"
"94.156.104.91","20"
"142.250.183.46","20"
"23.202.229.214","20"
"142.250.183.142","20"
"132.163.4.22","20"
"185.229.190.236","20"
"20.17.8.218","20"
"216.58.203.42","20"
"129.6.13.35","20"
"103.15.156.5","20"
"192.168.29.62","20"
"192.168.1.20","19"
"35.186.194.58","19"
"108.174.10.31","19"
"192.168.90.90","19"
"127.0.0.1","19"
"34.240.227.38","19"
"34.234.106.161","19"
"192.168.27.22","18"
"142.250.183.110","18"
"52.250.45.119","18"
"148.72.164.12","18"
"180.163.146.104","18"
"192.168.1.10","18"
"13.107.21.239","17"
"172.234.229.127","17"
"192.168.143.143","17"
"108.174.10.20","17"
"17.248.162.40","17"
"35.186.221.31","17"
"185.229.191.44","16"
"192.168.108.108","16"
"192.168.18.160","16"
"17.248.162.39","16"
"150.171.27.10","16"
"87.120.116.59","16"
"35.244.218.227","16"
"170.249.218.138","16"
"52.113.194.132","16"
"13.232.67.198","16"
"192.168.28.174","16"
"204.79.197.239","16"
"192.168.31.175","16"
"142.250.70.42","16"
"87.120.116.61","16"
"192.168.2.241","16"
"192.168.1.50","16"
"103.161.10.5","16"
"74.125.68.108","16"
"52.217.125.216","15"
"162.159.130.67","15"
"104.90.6.104","15"
"46.137.15.86","15"
"13.107.246.48","15"
"142.251.42.14","15"
"68.183.50.223","15"
"104.71.60.128","15"
"104.71.60.129","15"
"83.222.191.62","15"
"13.200.41.135","15"
"23.54.82.234","15"
"198.38.113.183","14"
"142.250.77.78","14"
"17.248.162.132","14"
"142.250.192.99","14"
"216.239.36.181","14"
"49.37.145.97","14"
"52.95.114.96","14"
"49.12.130.235","14"
"54.221.235.136","14"
"142.251.42.42","13"
"17.248.162.36","13"
"20.12.121.68","13"
"20.17.12.105","13"
"216.239.32.181","13"
"23.23.74.91","13"
"23.54.82.201","13"
"104.90.6.74","13"
"169.197.150.7","13"
"157.240.242.14","13"
"34.107.204.85","13"
"14.141.244.60","13"
"144.2.12.21","12"
"3.252.50.101","12"
"150.171.28.10","12"
"142.251.42.46","12"
"16.182.69.24","12"
"151.101.155.52","12"
"142.250.192.2","12"
"192.168.201.69","12"
"141.95.145.210","12"
"192.168.200.70","12"
"142.250.67.238","12"
"163.70.143.4","12"
"195.181.174.173","12"
"3.235.96.61","12"
"151.101.152.176","12"
"3.5.21.231","11"
"16.15.185.223","11"
"104.90.6.34","11"
"20.63.168.75","11"
"52.217.162.152","11"
"52.216.114.165","11"
"3.94.24.190","11"
"142.250.182.234","11"
"54.239.39.140","11"
"142.250.192.46","11"
"13.107.246.254","11"
"52.113.194.16","11"
"13.107.246.72","11"
"104.120.81.34","11"
"17.242.13.6","11"
"23.54.83.67","11"
"34.192.156.171","11"
"52.216.43.200","11"
"17.248.239.64","10"
"104.90.6.67","10"
"192.168.5.52","10"
"17.248.162.7","10"
"192.168.17.136","10"
"142.250.192.142","10"
"142.250.199.174","10"
"3.231.81.196","10"
"142.250.192.130","10"
"142.250.183.78","10"
"34.117.121.53","10"
"23.54.83.34","10"
"198.185.159.144","10"
"89.248.165.212","10"
"52.218.122.136","10"
"162.125.40.1","10"
"16.15.217.222","10"
"142.250.183.202","9"
"34.200.179.203","9"
"44.216.98.17","9"
"23.54.83.201","9"
"23.54.83.209","9"
"23.54.83.250","9"
"104.120.78.123","9"
"52.216.244.182","9"
"3.217.56.139","9"
"3.208.85.212","9"
"142.250.77.66","9"
"142.250.192.42","9"
"192.168.17.162","9"
"142.250.183.81","9"
"20.44.10.122","9"
"192.168.17.142","9"
"52.95.116.181","9"
"13.200.41.136","9"
"52.3.103.202","9"
"192.168.1.144","9"
"18.208.57.171","9"
"52.217.171.168","9"
"34.120.63.153","9"
"3.5.22.235","9"
"83.222.190.70","9"
"193.200.65.5","9"
"142.250.70.110","9"
"52.217.73.22","9"
"104.120.70.42","8"
"192.168.17.134","8"
"52.98.88.66","8"
"35.190.25.25","8"
"142.251.12.139","8"
"142.251.12.102","8"
"122.162.148.199","8"
"34.250.90.13","8"
"52.182.143.208","8"
"52.201.29.107","8"
"35.175.42.225","8"
"54.73.53.134","8"
"83.222.190.94","8"
"83.222.191.42","8"
"13.200.41.134","8"
"142.250.70.67","8"
"52.216.209.232","8"
"16.182.38.240","8"
"52.217.129.56","8"
"44.217.108.68","8"
"52.216.208.64","8"
"192.168.17.149","8"
"192.168.17.151","8"
"192.168.17.152","8"
"192.168.17.153","8"
"185.125.188.54","8"
"198.49.23.144","8"
"142.250.76.206","8"
"44.207.118.81","8"
"52.216.44.144","8"
"52.172.196.140","8"
"172.64.150.52","8"
"54.205.112.71","8"
"192.168.17.139","8"
"20.198.119.143","8"
"192.168.17.113","8"
"192.168.17.141","8"
"23.218.244.131","8"
"162.247.243.29","8"
"3.230.25.172","8"
"54.204.229.152","8"
"34.104.35.123","8"
"3.5.17.91","8"
"74.214.196.131","8"
"34.111.73.67","8"
"34.193.118.74","8"
"34.205.212.15","8"
"3.5.137.11","8"
"20.42.65.89","8"
"192.168.17.157","7"
"13.232.67.199","7"
"192.168.17.144","7"
"192.168.17.135","7"
"192.168.17.155","7"
"192.168.17.154","7"
"52.1.11.207","7"
"142.250.71.110","7"
"13.107.213.254","7"
"192.168.17.130","7"
"142.251.42.10","7"
"192.168.17.143","7"
"52.98.88.242","7"
"52.216.186.69","7"
"54.74.26.200","7"
"185.125.188.55","7"
"185.125.188.59","7"
"192.168.17.132","7"
"192.168.17.147","7"
"192.168.17.145","7"
"192.168.17.146","7"
"23.54.82.211","7"
"192.168.17.133","7"
"23.38.54.195","7"
"16.182.35.8","7"
"103.43.90.19","7"
"34.160.66.85","7"
"74.125.200.109","7"
"148.72.170.52","7"
"47.128.252.82","7"
"146.75.122.172","7"
"74.125.130.157","7"
"144.2.14.21","7"
"34.226.100.140","7"
"52.98.34.194","7"
"40.81.252.176","7"
"23.212.161.47","7"
"23.211.154.42","7"
"142.251.175.109","7"
"54.165.45.25","7"
"34.250.107.28","7"
"138.113.223.152","7"
"192.168.17.160","7"
"142.250.77.37","7"
"192.168.17.159","7"
"52.98.58.50","7"
"162.12.232.41","7"
"23.202.229.200","7"
"89.248.163.157","7"
"52.40.221.11","6"
"69.167.168.46","6"
"104.90.6.24","6"
"192.168.17.137","6"
"52.217.118.128","6"
"54.231.133.88","6"
"23.21.178.69","6"
"89.248.163.168","6"
"192.168.2.144","6"
"216.239.34.223","6"
"66.23.207.250","6"
"23.54.83.203","6"
"184.57.10.22","6"
"23.64.59.17","6"
"52.216.144.189","6"
"52.216.131.149","6"
"192.168.17.156","6"
"182.69.180.230","6"
"54.220.192.176","6"
"170.114.7.148","6"
"23.215.204.221","6"
"3.219.101.186","6"
"3.226.231.95","6"
"23.227.146.18","6"
"192.168.17.161","6"
"104.91.33.60","6"
"34.51.10.38","6"
"151.101.154.133","6"
"207.182.128.178","6"
"104.71.61.104","6"
"71.19.146.213","6"
"18.172.64.83","6"
"192.168.201.9","6"
"18.161.94.190","6"
"8.18.47.7","6"
"17.248.162.103","6"
"52.219.47.109","6"
"142.250.183.131","6"
"216.239.34.157","6"
"17.242.13.4","6"
"54.236.159.166","6"
"130.211.115.4","6"
"40.99.111.34","6"
"142.250.71.106","6"
"89.248.165.223","6"
"192.168.17.138","6"
"52.219.169.27","6"
"23.33.53.18","5"
"192.168.27.75","5"
"104.18.35.224","5"
"52.123.253.133","5"
"52.217.125.88","5"
"52.113.194.133","5"
"52.217.164.176","5"
"52.216.213.96","5"
"108.158.61.46","5"
"20.42.72.131","5"
"16.182.40.56","5"
"104.90.6.33","5"
"52.70.71.116","5"
"40.99.9.178","5"
"209.58.128.204","5"
"106.219.165.163","5"
"148.113.163.172","5"
"89.248.163.161","5"
"52.216.54.208","5"
"80.77.87.166","5"
"192.168.17.114","5"
"3.5.134.25","5"
"170.114.7.142","5"
"92.62.121.102","5"
"170.114.11.113","5"
"196.6.104.127","5"
"18.232.190.62","5"
"23.210.245.137","5"
"23.203.192.169","5"
"182.161.73.146","5"
"192.168.31.215","5"
"184.72.151.230","5"
"192.168.17.116","5"
"52.182.143.211","5"
"185.230.212.112","5"
"54.231.137.72","5"
"192.168.17.148","5"
"20.31.92.73","5"
"67.202.105.23","5"
"20.189.173.15","5"
"54.146.230.182","5"
"54.165.31.176","5"
"35.81.90.104","5"
"98.83.94.231","5"
"142.251.10.109","5"
"52.98.57.130","5"
"103.43.91.249","5"
"35.190.80.1","5"
"13.107.42.16","5"
"192.168.1.110","5"
"52.98.123.242","5"
"3.5.135.219","5"
"57.128.101.93","4"
"52.168.112.67","4"
"52.168.117.171","4"
"54.231.234.96","4"
"54.231.200.64","4"
"54.231.171.120","4"
"54.231.135.248","4"
"54.231.132.72","4"
"52.213.134.113","4"
"54.169.228.246","4"
"54.156.214.66","4"
"54.36.150.183","4"
"52.219.170.79","4"
"52.219.72.202","4"
"52.217.201.96","4"
"52.217.166.232","4"
"52.216.38.80","4"
"52.217.138.208","4"
"52.217.132.40","4"
"52.217.122.0","4"
"52.217.71.46","4"
"52.217.13.214","4"
"52.216.211.64","4"
"52.216.102.13","4"
"52.216.76.30","4"
"52.216.62.240","4"
"52.216.60.216","4"
"3.209.214.17","4"
"3.223.203.134","4"
"3.232.242.170","4"
"223.165.28.78","4"
"3.250.243.83","4"
"3.250.243.103","4"
"3.252.50.98","4"
"192.168.202.79","4"
"192.168.202.78","4"
"192.168.202.34","4"
"192.168.202.15","4"
"192.168.201.114","4"
"220.178.8.154","4"
"192.168.201.103","4"
"192.168.201.51","4"
"16.15.178.164","4"
"16.15.184.46","4"
"16.15.184.246","4"
"192.168.201.15","4"
"3.5.2.12","4"
"192.168.200.101","4"
"192.168.29.230","4"
"16.182.70.56","4"
"16.182.72.208","4"
"17.248.162.8","4"
"192.168.200.49","4"
"18.66.40.207","4"
"18.172.64.20","4"
"18.172.64.80","4"
"18.239.111.10","4"
"192.168.17.158","4"
"20.24.125.47","4"
"20.24.176.132","4"
"20.33.28.64","4"
"20.126.223.223","4"
"20.189.173.2","4"
"20.189.173.10","4"
"192.168.17.122","4"
"192.168.17.119","4"
"20.198.118.190","4"
"20.202.45.118","4"
"23.10.32.159","4"
"23.54.82.218","4"
"3.5.17.116","4"
"23.54.83.88","4"
"23.55.245.136","4"
"185.84.60.20","4"
"23.64.59.73","4"
"182.161.73.142","4"
"182.161.73.137","4"
"23.201.202.50","4"
"23.203.194.123","4"
"172.67.70.22","4"
"23.210.245.161","4"
"172.64.146.215","4"
"169.197.150.8","4"
"23.215.206.58","4"
"34.0.63.29","4"
"34.1.16.64","4"
"157.240.242.2","4"
"151.101.155.8","4"
"34.149.43.113","4"
"148.72.172.31","4"
"3.5.21.243","4"
"142.251.42.74","4"
"34.228.138.24","4"
"3.5.22.84","4"
"35.185.21.228","4"
"40.99.9.34","4"
"40.99.9.50","4"
"40.99.9.162","4"
"142.250.183.42","4"
"40.99.31.178","4"
"44.209.158.204","4"
"44.233.115.0","4"
"44.234.136.97","4"
"141.95.98.64","4"
"139.99.123.193","4"
"47.128.226.205","4"
"114.247.39.58","4"
"104.120.222.133","4"
"104.91.32.192","4"
"104.91.32.23","4"
"104.71.61.122","4"
"52.66.194.13","4"
"91.189.91.96","4"
"89.248.163.142","4"
"79.110.62.92","4"
"75.101.132.209","4"
"52.92.243.202","4"
"74.125.24.109","4"
"72.34.249.224","4"
"52.98.59.18","4"
"52.98.123.178","4"
"52.98.123.194","4"
"69.195.166.128","4"
"68.154.16.131","4"
"52.123.253.132","4"
"52.216.213.112","3"
"3.5.8.248","3"
"3.5.12.46","3"
"3.5.12.221","3"
"3.5.12.229","3"
"3.5.12.232","3"
"3.5.16.8","3"
"3.5.16.247","3"
"3.5.17.47","3"
"3.5.21.44","3"
"3.5.23.113","3"
"3.5.134.86","3"
"3.5.134.184","3"
"3.5.138.59","3"
"3.5.138.160","3"
"3.7.216.78","3"
"3.33.220.150","3"
"3.92.120.28","3"
"3.213.60.84","3"
"3.232.192.164","3"
"3.250.243.71","3"
"3.250.243.124","3"
"3.252.50.75","3"
"3.252.50.86","3"
"3.252.50.99","3"
"10.10.0.1","3"
"13.69.239.79","3"
"13.89.179.13","3"
"13.107.3.128","3"
"13.107.137.11","3"
"13.227.138.19","3"
"13.227.138.50","3"
"16.15.176.190","3"
"16.15.177.60","3"
"16.15.200.250","3"
"16.182.32.80","3"
"16.182.34.16","3"
"16.182.34.192","3"
"16.182.38.224","3"
"16.182.40.232","3"
"16.182.68.128","3"
"16.182.69.48","3"
"16.182.69.200","3"
"16.182.71.96","3"
"16.182.99.24","3"
"17.242.13.5","3"
"17.248.239.66","3"
"18.66.57.78","3"
"20.17.14.179","3"
"20.42.65.84","3"
"20.42.65.85","3"
"20.189.173.23","3"
"20.202.44.37","3"
"20.212.88.117","3"
"20.249.115.161","3"
"23.54.82.243","3"
"23.55.245.18","3"
"27.193.228.74","3"
"34.120.208.123","3"
"34.149.100.209","3"
"34.198.214.219","3"
"34.229.4.171","3"
"34.231.66.246","3"
"34.235.254.133","3"
"34.249.33.26","3"
"34.249.188.164","3"
"35.164.145.173","3"
"40.99.9.66","3"
"40.99.31.130","3"
"40.99.33.242","3"
"40.99.111.18","3"
"44.205.43.11","3"
"44.205.117.189","3"
"51.11.20.152","3"
"52.6.74.1","3"
"52.21.5.48","3"
"52.84.151.38","3"
"52.98.123.226","3"
"52.123.128.14","3"
"52.123.253.136","3"
"52.182.143.213","3"
"52.216.33.80","3"
"52.216.36.200","3"
"52.216.44.56","3"
"52.216.48.192","3"
"52.216.50.128","3"
"52.216.58.208","3"
"52.216.93.5","3"
"52.216.94.29","3"
"52.216.99.165","3"
"52.216.144.198","3"
"52.216.145.61","3"
"52.216.153.198","3"
"52.216.217.56","3"
"52.216.218.24","3"
"52.216.220.216","3"
"52.216.251.54","3"
"52.217.2.14","3"
"52.217.14.126","3"
"52.217.18.70","3"
"52.217.36.118","3"
"52.217.67.150","3"
"52.217.94.22","3"
"52.217.105.54","3"
"52.217.115.168","3"
"52.217.117.193","3"
"52.217.117.208","3"
"52.217.121.160","3"
"52.217.135.248","3"
"52.217.161.48","3"
"52.217.167.232","3"
"52.217.175.65","3"
"52.217.231.96","3"
"52.217.231.248","3"
"52.218.177.73","3"
"52.219.46.102","3"
"52.219.170.95","3"
"54.144.45.14","3"
"54.144.206.4","3"
"54.154.245.220","3"
"54.198.94.241","3"
"54.231.132.48","3"
"54.231.138.32","3"
"54.231.169.240","3"
"54.231.170.112","3"
"54.231.170.216","3"
"54.231.199.160","3"
"54.231.223.48","3"
"54.231.224.161","3"
"54.231.224.192","3"
"54.239.39.228","3"
"54.239.39.232","3"
"71.18.1.232","3"
"74.125.24.108","3"
"74.125.200.108","3"
"79.124.58.222","3"
"79.127.230.245","3"
"91.108.56.167","3"
"91.189.91.97","3"
"103.43.89.4","3"
"103.180.115.15","3"
"104.18.41.41","3"
"104.26.15.53","3"
"104.90.5.8","3"
"104.91.32.48","3"
"104.120.92.124","3"
"108.159.78.238","3"
"141.95.98.65","3"
"141.226.224.32","3"
"142.250.76.174","3"
"142.250.182.226","3"
"142.250.183.130","3"
"144.2.14.25","3"
"148.72.164.13","3"
"151.101.153.91","3"
"157.240.242.13","3"
"157.240.242.17","3"
"159.203.145.17","3"
"163.70.144.20","3"
"170.114.1.171","3"
"170.114.1.182","3"
"170.114.7.147","3"
"170.114.11.112","3"
"172.217.194.109","3"
"172.224.18.4","3"
"172.224.179.11","3"
"172.253.118.109","3"
"172.253.118.188","3"
"180.149.125.236","3"
"182.161.73.133","3"
"182.161.73.143","3"
"182.161.73.170","3"
"185.84.60.23","3"
"185.125.188.58","3"
"192.168.17.150","3"
"192.168.27.72","3"
"192.168.28.94","3"
"192.168.29.82","3"
"192.168.200.34","3"
"192.168.200.51","3"
"192.168.200.65","3"
"192.168.201.67","3"
"192.168.201.100","3"
"192.168.201.140","3"
"192.168.202.57","3"
"192.168.202.58","3"
"194.169.175.38","3"
"199.232.80.158","3"
"199.232.80.159","3"
"199.232.104.159","3"
"48.218.104.163","2"
"18.239.142.82","2"
"52.217.122.176","2"
"52.216.250.254","2"
"54.231.230.144","2"
"18.239.111.17","2"
"52.217.123.240","2"
"18.215.216.115","2"
"18.214.27.234","2"
"18.211.243.91","2"
"54.231.230.232","2"
"52.219.170.83","2"
"52.217.124.128","2"
"52.217.172.48","2"
"18.204.116.28","2"
"138.199.14.87","2"
"54.231.232.88","2"
"18.172.64.94","2"
"18.172.64.76","2"
"192.168.27.46","2"
"52.217.40.54","2"
"139.99.123.105","2"
"139.99.123.118","2"
"45.139.104.161","2"
"52.217.124.200","2"
"52.219.170.155","2"
"54.231.234.80","2"
"52.219.170.191","2"
"52.182.143.215","2"
"52.217.87.190","2"
"52.217.172.224","2"
"18.66.57.90","2"
"52.217.125.24","2"
"18.66.38.197","2"
"54.231.236.104","2"
"192.168.27.168","2"
"17.253.18.200","2"
"54.231.236.232","2"
"52.219.208.3","2"
"17.248.239.130","2"
"192.168.27.235","2"
"44.240.52.117","2"
"142.250.67.234","2"
"192.168.28.17","2"
"17.8.155.249","2"
"216.239.38.223","2"
"16.182.109.184","2"
"16.182.109.128","2"
"52.217.90.238","2"
"52.217.173.128","2"
"16.182.108.128","2"
"52.178.17.234","2"
"16.182.108.8","2"
"192.168.28.186","2"
"44.234.198.184","2"
"16.182.106.24","2"
"16.182.106.8","2"
"52.217.174.88","2"
"16.182.105.56","2"
"52.216.33.200","2"
"16.182.103.208","2"
"194.169.175.34","2"
"142.250.70.106","2"
"44.218.57.137","2"
"16.182.103.16","2"
"16.182.102.64","2"
"16.182.101.152","2"
"192.168.29.32","2"
"52.216.33.33","2"
"16.182.100.240","2"
"16.182.100.88","2"
"44.216.35.79","2"
"192.168.202.21","2"
"54.69.233.123","2"
"52.216.40.96","2"
"52.216.251.70","2"
"54.72.104.219","2"
"44.206.96.232","2"
"142.250.77.42","2"
"142.250.77.46","2"
"16.182.97.32","2"
"16.182.96.240","2"
"57.128.101.79","2"
"57.128.101.83","2"
"52.217.44.118","2"
"52.217.45.150","2"
"52.123.178.24","2"
"57.144.124.128","2"
"199.232.168.124","2"
"40.100.141.162","2"
"142.250.182.238","2"
"16.182.71.168","2"
"142.250.183.10","2"
"52.217.191.33","2"
"40.99.31.162","2"
"40.99.31.146","2"
"192.168.30.17","2"
"54.85.229.148","2"
"52.217.192.0","2"
"16.182.68.144","2"
"16.182.67.248","2"
"52.217.192.208","2"
"35.215.124.192","2"
"192.168.202.63","2"
"142.250.183.99","2"
"52.217.129.80","2"
"52.216.26.238","2"
"192.168.30.176","2"
"16.182.64.88","2"
"52.217.194.72","2"
"52.217.45.166","2"
"16.182.42.96","2"
"52.216.211.56","2"
"16.182.41.120","2"
"52.216.216.72","2"
"64.225.127.123","2"
"52.217.195.104","2"
"52.217.130.16","2"
"142.250.183.170","2"
"52.216.26.38","2"
"52.216.25.230","2"
"16.182.38.120","2"
"35.172.1.158","2"
"54.167.253.125","2"
"35.170.87.198","2"
"52.217.195.240","2"
"35.169.214.193","2"
"54.179.66.231","2"
"35.168.189.252","2"
"16.182.33.184","2"
"67.202.105.24","2"
"52.112.127.107","2"
"142.250.192.106","2"
"35.164.114.233","2"
"52.112.49.108","2"
"35.160.64.44","2"
"16.182.32.24","2"
"52.217.130.40","2"
"142.250.199.138","2"
"16.15.216.180","2"
"52.217.96.22","2"
"52.216.9.253","2"
"192.168.33.3","2"
"52.216.9.205","2"
"69.195.184.128","2"
"142.251.10.108","2"
"16.15.193.236","2"
"16.15.193.159","2"
"69.195.186.128","2"
"34.246.132.230","2"
"54.185.212.153","2"
"16.15.193.3","2"
"71.6.134.230","2"
"16.15.192.145","2"
"16.15.192.92","2"
"52.216.9.109","2"
"34.237.219.119","2"
"54.186.159.214","2"
"52.216.9.93","2"
"52.217.196.160","2"
"16.15.184.175","2"
"52.98.123.210","2"
"142.251.42.65","2"
"72.34.249.209","2"
"34.223.74.168","2"
"34.214.35.77","2"
"16.15.184.86","2"
"34.213.14.92","2"
"72.34.249.211","2"
"16.15.184.54","2"
"34.202.111.184","2"
"142.251.175.108","2"
"16.15.178.218","2"
"34.199.100.130","2"
"142.251.175.188","2"
"143.198.237.245","2"
"52.98.58.34","2"
"16.15.177.170","2"
"144.2.12.25","2"
"74.118.186.107","2"
"52.216.221.48","2"
"54.188.139.13","2"
"52.98.57.162","2"
"16.15.177.36","2"
"192.168.202.22","2"
"16.15.176.238","2"
"16.15.176.223","2"
"144.2.15.25","2"
"144.2.15.31","2"
"146.59.149.46","2"
"34.192.126.42","2"
"15.221.8.212","2"
"54.197.242.97","2"
"52.217.198.24","2"
"52.216.213.8","2"
"52.216.216.208","2"
"52.207.92.87","2"
"54.209.44.54","2"
"54.210.143.94","2"
"52.94.222.251","2"
"52.217.198.200","2"
"52.217.199.136","2"
"52.217.132.224","2"
"76.76.21.22","2"
"76.223.107.74","2"
"52.217.132.232","2"
"77.68.64.0","2"
"52.206.30.165","2"
"13.107.18.254","2"
"13.107.6.163","2"
"13.107.5.88","2"
"13.107.3.254","2"
"13.89.179.11","2"
"13.89.179.8","2"
"54.228.191.177","2"
"52.217.99.174","2"
"34.130.135.16","2"
"5.78.114.248","2"
"5.78.80.184","2"
"52.217.99.206","2"
"4.190.122.234","2"
"4.188.111.158","2"
"3.5.8.168","2"
"4.188.109.228","2"
"34.117.188.166","2"
"4.188.108.130","2"
"52.216.222.153","2"
"3.252.50.111","2"
"3.252.50.100","2"
"54.231.130.136","2"
"52.216.214.72","2"
"54.231.130.176","2"
"80.66.83.49","2"
"52.217.13.190","2"
"3.250.243.106","2"
"151.101.155.42","2"
"3.250.243.78","2"
"52.217.202.48","2"
"52.217.202.96","2"
"52.217.134.16","2"
"3.250.243.66","2"
"54.231.132.200","2"
"52.217.102.118","2"
"52.92.210.112","2"
"52.92.210.98","2"
"52.216.42.184","2"
"52.216.217.153","2"
"52.204.120.125","2"
"52.217.203.0","2"
"192.168.202.24","2"
"52.217.204.160","2"
"157.240.16.20","2"
"54.231.136.64","2"
"3.109.96.156","2"
"3.108.149.131","2"
"52.217.204.248","2"
"54.231.136.192","2"
"52.217.105.14","2"
"3.12.75.59","2"
"54.231.137.0","2"
"52.217.136.184","2"
"3.5.137.38","2"
"54.231.137.56","2"
"3.5.136.156","2"
"52.217.206.32","2"
"52.204.57.71","2"
"89.248.165.97","2"
"52.217.206.40","2"
"3.5.134.215","2"
"3.5.134.161","2"
"3.5.134.23","2"
"157.240.242.175","2"
"52.217.137.120","2"
"52.217.206.216","2"
"52.217.224.48","2"
"54.231.138.184","2"
"3.5.31.163","2"
"161.35.253.186","2"
"31.13.79.53","2"
"52.217.224.120","2"
"3.5.30.130","2"
"192.168.202.33","2"
"162.19.138.82","2"
"3.5.30.15","2"
"3.5.29.163","2"
"31.13.79.26","2"
"27.123.43.205","2"
"162.125.40.2","2"
"52.217.137.224","2"
"162.142.125.133","2"
"52.217.138.64","2"
"52.217.106.174","2"
"52.217.226.160","2"
"52.217.107.94","2"
"52.217.226.232","2"
"54.231.161.208","2"
"52.217.65.150","2"
"94.141.120.28","2"
"52.216.211.152","2"
"52.66.194.57","2"
"54.231.163.16","2"
"52.217.67.46","2"
"52.66.194.37","2"
"54.231.163.136","2"
"52.217.227.144","2"
"3.5.24.62","2"
"54.231.163.232","2"
"52.66.194.12","2"
"3.5.24.47","2"
"52.217.139.80","2"
"192.168.202.31","2"
"52.217.112.176","2"
"3.5.22.181","2"
"52.217.17.22","2"
"3.5.22.28","2"
"101.108.13.240","2"
"52.55.202.93","2"
"3.5.8.74","2"
"52.55.175.148","2"
"103.43.90.114","2"
"52.217.69.142","2"
"3.5.16.48","2"
"103.43.91.210","2"
"192.168.200.2","2"
"52.217.229.152","2"
"52.216.212.33","2"
"52.216.215.24","2"
"52.42.83.64","2"
"52.217.142.200","2"
"192.168.200.11","2"
"192.168.202.54","2"
"52.217.72.70","2"
"52.216.41.200","2"
"103.229.8.71","2"
"192.168.200.18","2"
"192.168.200.19","2"
"192.168.200.20","2"
"192.168.200.21","2"
"192.168.200.22","2"
"192.168.200.23","2"
"192.168.200.24","2"
"103.229.8.252","2"
"103.229.10.180","2"
"192.168.200.27","2"
"52.217.161.192","2"
"23.211.153.122","2"
"104.18.6.131","2"
"52.216.219.24","2"
"104.18.22.145","2"
"192.168.200.37","2"
"192.168.200.39","2"
"192.168.202.86","2"
"52.37.179.159","2"
"192.168.200.46","2"
"172.64.151.239","2"
"192.168.200.48","2"
"54.231.170.168","2"
"192.168.200.50","2"
"104.26.14.75","2"
"52.217.232.72","2"
"52.217.114.112","2"
"104.71.60.112","2"
"3.5.14.151","2"
"104.71.60.115","2"
"3.5.14.100","2"
"52.216.215.48","2"
"192.168.200.81","2"
"52.217.233.64","2"
"192.168.200.83","2"
"54.231.192.64","2"
"54.231.192.80","2"
"172.217.140.8","2"
"192.168.200.89","2"
"172.217.141.70","2"
"192.168.200.92","2"
"192.168.200.93","2"
"54.231.192.120","2"
"192.168.200.95","2"
"172.217.174.74","2"
"192.168.200.99","2"
"172.217.174.227","2"
"3.5.13.105","2"
"52.24.105.104","2"
"54.231.192.168","2"
"192.168.201.1","2"
"209.237.199.128","2"
"192.168.201.8","2"
"209.237.203.128","2"
"54.231.192.216","2"
"192.168.201.13","2"
"192.168.201.14","2"
"3.5.12.219","2"
"172.224.179.4","2"
"52.217.115.200","2"
"52.217.233.136","2"
"54.231.194.24","2"
"192.168.201.30","2"
"192.168.201.31","2"
"209.237.204.128","2"
"192.168.201.34","2"
"192.168.201.35","2"
"192.168.201.37","2"
"192.168.201.38","2"
"104.90.6.58","2"
"3.5.12.213","2"
"52.217.80.254","2"
"192.168.201.44","2"
"52.217.81.30","2"
"192.168.201.46","2"
"212.102.60.111","2"
"192.168.201.48","2"
"52.217.235.56","2"
"3.5.12.189","2"
"54.231.197.16","2"
"54.231.197.56","2"
"104.90.6.83","2"
"104.90.6.91","2"
"54.231.197.120","2"
"51.222.80.64","2"
"51.132.193.105","2"
"51.116.253.168","2"
"192.168.201.63","2"
"192.168.201.66","2"
"54.231.197.168","2"
"192.168.201.68","2"
"3.5.12.167","2"
"54.231.198.0","2"
"192.168.201.71","2"
"192.168.201.72","2"
"192.168.201.74","2"
"51.105.71.137","2"
"51.89.98.178","2"
"192.168.201.78","2"
"192.168.201.79","2"
"192.168.201.80","2"
"192.168.201.81","2"
"52.217.235.248","2"
"51.79.176.43","2"
"51.79.154.29","2"
"192.168.201.85","2"
"54.231.198.160","2"
"176.9.82.27","2"
"192.168.201.90","2"
"104.120.84.3","2"
"52.216.219.232","2"
"192.168.201.95","2"
"192.168.201.97","2"
"52.217.81.222","2"
"3.5.2.46","2"
"222.133.67.10","2"
"192.168.201.101","2"
"23.193.114.41","2"
"104.208.16.88","2"
"23.106.127.164","2"
"192.168.201.107","2"
"182.161.73.129","2"
"104.208.16.90","2"
"104.214.149.115","2"
"192.168.202.35","2"
"192.168.201.115","2"
"104.244.42.2","2"
"192.168.201.117","2"
"52.217.81.238","2"
"192.168.201.123","2"
"192.168.201.124","2"
"23.64.59.153","2"
"192.168.201.127","2"
"52.217.236.136","2"
"3.5.2.37","2"
"183.79.249.252","2"
"23.64.59.131","2"
"192.168.201.132","2"
"192.168.201.136","2"
"52.216.249.54","2"
"107.21.92.59","2"
"23.64.59.51","2"
"192.168.201.147","2"
"52.202.87.44","2"
"23.59.189.159","2"
"52.217.237.8","2"
"192.168.201.155","2"
"192.168.201.157","2"
"52.217.254.48","2"
"52.216.36.208","2"
"108.158.46.68","2"
"54.231.201.160","2"
"23.55.245.194","2"
"52.217.165.176","2"
"192.168.202.6","2"
"52.216.52.136","2"
"23.55.245.192","2"
"52.216.54.40","2"
"23.55.245.130","2"
"52.216.41.16","2"
"52.217.33.206","2"
"52.216.56.248","2"
"108.158.61.91","2"
"52.216.58.64","2"
"192.168.202.7","2"
"52.217.119.0","2"
"52.216.60.64","2"
"52.216.60.112","2"
"52.216.51.216","2"
"52.217.84.118","2"
"54.231.202.216","2"
"52.216.62.96","2"
"52.216.62.120","2"
"52.216.62.160","2"
"52.217.167.104","2"
"52.216.51.104","2"
"52.216.50.56","2"
"23.55.245.24","2"
"52.217.120.208","2"
"192.168.202.44","2"
"23.54.83.74","2"
"192.168.202.37","2"
"192.0.73.2","2"
"52.216.89.230","2"
"192.0.77.2","2"
"192.168.202.9","2"
"52.216.93.13","2"
"192.168.202.11","2"
"52.216.94.109","2"
"115.56.128.85","2"
"52.216.97.141","2"
"23.54.83.33","2"
"23.54.83.27","2"
"23.54.83.26","2"
"52.216.102.133","2"
"192.168.1.40","2"
"52.216.213.152","2"
"23.54.82.232","2"
"52.217.169.24","2"
"192.241.139.119","2"
"52.218.250.49","2"
"23.54.82.187","2"
"52.216.113.13","2"
"52.216.113.237","2"
"52.217.85.118","2"
"52.216.114.189","2"
"52.216.115.53","2"
"23.54.82.178","2"
"52.216.129.13","2"
"116.213.23.2","2"
"116.213.23.220","2"
"52.219.47.14","2"
"52.216.134.229","2"
"23.32.20.41","2"
"52.216.36.168","2"
"52.217.169.200","2"
"20.222.223.50","2"
"192.168.202.13","2"
"52.219.75.105","2"
"52.219.75.121","2"
"20.202.56.142","2"
"20.202.44.14","2"
"52.216.154.214","2"
"20.198.119.84","2"
"54.231.225.232","2"
"52.219.140.21","2"
"119.9.108.211","2"
"54.231.226.104","2"
"52.216.176.243","2"
"52.217.86.46","2"
"20.189.173.12","2"
"54.231.226.192","2"
"20.189.173.6","2"
"52.216.184.197","2"
"20.189.173.5","2"
"52.219.168.79","2"
"54.231.227.128","2"
"52.219.168.95","2"
"20.49.104.23","2"
"122.151.3.108","2"
"20.42.128.105","2"
"52.216.200.221","2"
"48.218.107.40","2"
"52.217.86.62","2"
"20.40.202.0","2"
"20.33.28.65","2"
"52.216.43.176","2"
"52.216.208.168","2"
"54.231.229.72","2"
"52.216.209.0","2"
"52.216.209.16","2"
"20.24.121.134","2"
"52.216.209.120","2"
"52.216.43.128","2"
"52.216.34.208","2"
"20.17.11.80","2"
"52.216.210.88","2"
"52.219.169.39","2"
"52.216.211.8","2"
"124.146.153.151","1"
"124.146.153.170","1"
"125.141.39.26","1"
"47.237.115.42","1"
"47.103.105.38","1"
"132.148.76.25","1"
"46.104.83.36","1"
"46.101.232.103","1"
"135.148.10.175","1"
"137.74.239.155","1"
"45.168.20.105","1"
"45.156.130.8","1"
"138.199.14.92","1"
"139.144.239.185","1"
"45.115.27.16","1"
"199.232.104.157","1"
"45.79.33.14","1"
"141.123.222.148","1"
"2.228.129.230","1"
"142.250.4.108","1"
"45.76.175.28","1"
"142.250.67.150","1"
"44.240.141.223","1"
"142.250.67.225","1"
"44.239.112.176","1"
"142.250.70.35","1"
"44.235.127.84","1"
"44.218.219.139","1"
"142.250.70.74","1"
"44.218.192.63","1"
"142.250.71.98","1"
"44.209.137.251","1"
"142.250.76.164","1"
"199.232.105.44","1"
"44.209.33.61","1"
"142.250.77.34","1"
"44.193.107.45","1"
"142.250.77.74","1"
"43.250.0.199","1"
"142.250.179.195","1"
"40.126.17.132","1"
"142.250.182.206","1"
"142.250.183.14","1"
"40.79.150.121","1"
"35.244.181.201","1"
"35.215.235.162","1"
"142.250.183.86","1"
"35.206.35.210","1"
"203.17.244.57","1"
"35.206.11.92","1"
"35.203.210.14","1"
"35.201.103.21","1"
"142.250.183.150","1"
"142.250.183.161","1"
"142.250.183.162","1"
"142.250.183.163","1"
"35.190.118.8","1"
"35.186.134.240","1"
"142.250.192.10","1"
"142.250.192.35","1"
"35.168.245.136","1"
"35.166.226.67","1"
"35.164.249.195","1"
"35.163.144.222","1"
"35.156.126.175","1"
"142.250.199.165","1"
"35.154.216.38","1"
"35.80.154.106","1"
"35.76.200.122","1"
"34.249.204.204","1"
"34.241.166.200","1"
"142.251.42.2","1"
"34.239.27.70","1"
"34.236.101.177","1"
"34.235.174.198","1"
"34.234.104.136","1"
"34.231.46.126","1"
"34.228.147.44","1"
"34.209.161.251","1"
"34.198.125.54","1"
"144.2.12.31","1"
"34.192.220.33","1"
"203.55.131.5","1"
"144.2.14.31","1"
"144.2.15.21","1"
"147.135.23.107","1"
"147.135.236.171","1"
"147.185.133.73","1"
"147.185.133.86","1"
"147.185.133.96","1"
"147.185.133.130","1"
"147.185.133.196","1"
"147.185.133.222","1"
"148.72.152.76","1"
"148.72.152.126","1"
"34.176.211.24","1"
"3.5.8.25","1"
"148.72.165.78","1"
"34.174.255.69","1"
"34.161.115.43","1"
"148.113.163.140","1"
"34.146.31.208","1"
"148.113.163.217","1"
"34.120.237.76","1"
"34.120.206.254","1"
"151.80.91.221","1"
"34.111.113.62","1"
"151.101.153.51","1"
"3.5.7.115","1"
"34.107.172.168","1"
"34.106.86.104","1"
"34.98.75.36","1"
"151.101.159.52","1"
"152.58.196.40","1"
"152.89.198.72","1"
"34.95.44.106","1"
"34.94.232.12","1"
"34.86.82.41","1"
"154.59.122.79","1"
"154.212.141.187","1"
"154.213.184.15","1"
"154.213.185.221","1"
"154.213.185.224","1"
"154.213.186.172","1"
"157.240.16.63","1"
"157.240.23.12","1"
"157.240.192.35","1"
"34.37.6.135","1"
"3.5.3.104","1"
"34.36.165.17","1"
"205.185.114.103","1"
"31.172.81.145","1"
"157.240.242.38","1"
"157.240.242.63","1"
"157.240.242.174","1"
"159.69.57.9","1"
"159.89.235.248","1"
"3.5.3.43","1"
"161.35.190.246","1"
"162.12.232.192","1"
"162.12.232.244","1"
"162.142.125.92","1"
"162.142.125.226","1"
"162.142.125.248","1"
"23.227.151.194","1"
"162.213.251.248","1"
"162.216.149.44","1"
"162.216.149.130","1"
"162.216.150.34","1"
"162.216.150.84","1"
"162.216.150.157","1"
"162.216.150.205","1"
"162.247.241.14","1"
"23.219.172.135","1"
"163.47.36.34","1"
"23.215.205.186","1"
"163.70.143.60","1"
"163.70.143.63","1"
"207.182.151.202","1"
"163.70.144.60","1"
"163.172.175.22","1"
"165.22.78.114","1"
"165.154.10.250","1"
"165.154.36.102","1"
"165.154.118.145","1"
"165.154.129.188","1"
"165.227.180.151","1"
"167.71.106.113","1"
"167.172.15.221","1"
"23.215.205.147","1"
"23.215.205.117","1"
"208.87.242.83","1"
"208.115.231.62","1"
"170.114.4.209","1"
"170.114.4.230","1"
"170.114.4.234","1"
"170.114.4.242","1"
"23.215.204.13","1"
"3.5.2.92","1"
"23.212.161.210","1"
"3.5.2.67","1"
"23.212.160.22","1"
"23.210.250.160","1"
"23.210.245.194","1"
"23.210.245.187","1"
"23.210.245.163","1"
"23.206.173.120","1"
"172.64.152.32","1"
"172.64.155.209","1"
"23.206.173.88","1"
"172.169.6.28","1"
"172.169.111.148","1"
"172.202.253.177","1"
"172.206.142.148","1"
"172.206.143.106","1"
"172.212.58.155","1"
"172.217.136.233","1"
"172.217.141.71","1"
"23.201.202.100","1"
"172.217.194.108","1"
"172.224.18.7","1"
"172.224.179.5","1"
"172.224.179.8","1"
"172.224.179.10","1"
"23.200.143.80","1"
"172.253.118.108","1"
"210.245.120.108","1"
"173.194.14.73","1"
"173.194.14.74","1"
"173.194.14.138","1"
"173.194.52.7","1"
"173.194.52.9","1"
"173.194.52.134","1"
"173.194.52.136","1"
"173.194.52.201","1"
"173.194.154.71","1"
"173.194.154.102","1"
"173.194.154.170","1"
"173.194.154.199","1"
"173.255.221.22","1"
"174.129.7.200","1"
"174.129.12.133","1"
"175.201.146.133","1"
"175.211.233.164","1"
"176.111.174.30","1"
"176.113.115.152","1"
"179.43.149.122","1"
"182.22.16.251","1"
"216.218.206.105","1"
"23.106.127.53","1"
"23.106.50.36","1"
"23.95.200.180","1"
"216.218.206.113","1"
"182.161.73.159","1"
"184.26.91.200","1"
"23.64.59.75","1"
"23.59.189.179","1"
"184.105.247.198","1"
"184.105.247.207","1"
"184.105.247.227","1"
"185.15.58.240","1"
"185.81.30.166","1"
"3.5.2.20","1"
"3.5.1.206","1"
"23.55.245.80","1"
"185.125.190.31","1"
"185.125.190.32","1"
"185.184.8.90","1"
"185.217.0.181","1"
"185.224.128.23","1"
"23.54.192.201","1"
"23.54.83.211","1"
"188.191.239.246","1"
"192.155.81.124","1"
"23.54.82.242","1"
"23.54.82.225","1"
"23.54.82.216","1"
"23.54.82.200","1"
"23.54.82.185","1"
"23.54.82.177","1"
"23.33.92.13","1"
"23.33.92.5","1"
"23.21.119.129","1"
"20.247.160.101","1"
"20.205.255.42","1"
"20.205.253.130","1"
"20.194.185.20","1"
"20.190.175.152","1"
"20.190.146.38","1"
"20.189.173.27","1"
"20.189.173.18","1"
"20.189.173.9","1"
"20.189.173.4","1"
"20.69.137.228","1"
"20.51.186.97","1"
"20.44.229.112","1"
"20.42.73.27","1"
"20.42.65.90","1"
"20.27.226.228","1"
"3.5.0.72","1"
"18.239.151.77","1"
"18.239.142.102","1"
"18.239.142.14","1"
"18.239.111.60","1"
"18.239.111.26","1"
"18.233.106.194","1"
"18.211.221.169","1"
"18.208.125.13","1"
"18.205.228.210","1"
"18.205.32.173","1"
"18.179.211.202","1"
"18.172.65.218","1"
"18.172.64.66","1"
"18.172.64.9","1"
"192.168.27.53","1"
"18.143.106.89","1"
"216.239.38.135","1"
"18.140.215.159","1"
"18.138.18.47","1"
"18.67.195.129","1"
"18.67.195.107","1"
"18.67.195.100","1"
"18.66.57.108","1"
"18.66.41.110","1"
"17.253.18.201","1"
"17.253.18.198","1"
"17.253.18.195","1"
"17.179.252.18","1"
"17.111.103.20","1"
"16.182.109.0","1"
"16.182.108.240","1"
"16.182.108.72","1"
"16.182.107.120","1"
"16.182.105.208","1"
"16.182.104.249","1"
"16.182.103.177","1"
"16.182.103.24","1"
"192.168.28.252","1"
"16.182.101.88","1"
"16.182.99.232","1"
"16.182.99.160","1"
"218.156.35.46","1"
"16.182.99.120","1"
"16.182.98.248","1"
"16.182.98.168","1"
"16.182.98.144","1"
"16.182.98.120","1"
"16.182.97.112","1"
"16.182.96.184","1"
"16.182.96.24","1"
"16.182.74.8","1"
"16.182.73.176","1"
"16.182.73.56","1"
"16.182.72.16","1"
"16.182.71.216","1"
"16.182.71.208","1"
"16.182.71.200","1"
"16.182.70.208","1"
"192.168.29.225","1"
"16.182.70.24","1"
"16.182.69.225","1"
"16.182.68.216","1"
"16.182.68.208","1"
"16.182.67.161","1"
"16.182.67.64","1"
"16.182.67.16","1"
"16.182.66.168","1"
"16.182.65.168","1"
"16.182.65.16","1"
"16.182.64.8","1"
"16.182.42.104","1"
"16.182.41.192","1"
"16.182.40.240","1"
"16.182.40.176","1"
"16.182.40.121","1"
"16.182.40.88","1"
"16.182.40.40","1"
"16.182.39.104","1"
"16.182.39.8","1"
"16.182.37.160","1"
"16.182.37.152","1"
"16.182.37.32","1"
"16.182.36.72","1"
"16.182.36.8","1"
"16.182.34.136","1"
"16.182.34.113","1"
"16.182.33.25","1"
"16.182.32.232","1"
"16.182.32.177","1"
"16.182.32.152","1"
"16.182.32.105","1"
"16.182.32.32","1"
"16.182.32.8","1"
"16.15.216.251","1"
"16.15.216.179","1"
"16.15.200.88","1"
"16.15.194.101","1"
"16.15.194.13","1"
"16.15.193.249","1"
"16.15.193.146","1"
"16.15.193.129","1"
"16.15.193.80","1"
"16.15.192.153","1"
"16.15.192.50","1"
"16.15.192.31","1"
"16.15.185.207","1"
"16.15.185.104","1"
"16.15.184.226","1"
"16.15.184.165","1"
"16.15.184.162","1"
"16.15.184.127","1"
"16.15.184.113","1"
"16.15.184.88","1"
"16.15.184.85","1"
"16.15.184.70","1"
"16.15.184.22","1"
"16.15.184.15","1"
"16.15.178.193","1"
"16.15.178.126","1"
"16.15.177.200","1"
"16.15.177.175","1"
"16.15.177.147","1"
"16.15.177.142","1"
"16.15.177.139","1"
"16.15.177.122","1"
"16.15.177.39","1"
"16.15.176.253","1"
"16.15.176.197","1"
"16.15.176.162","1"
"16.15.176.145","1"
"16.15.176.36","1"
"15.207.145.254","1"
"15.207.92.2","1"
"15.206.139.16","1"
"15.197.196.10","1"
"14.241.232.162","1"
"14.53.77.97","1"
"14.47.67.181","1"
"14.36.202.36","1"
"13.232.52.24","1"
"13.231.74.12","1"
"13.229.189.224","1"
"13.229.39.199","1"
"13.228.126.19","1"
"13.227.141.135","1"
"13.227.138.112","1"
"13.127.39.121","1"
"13.89.178.26","1"
"13.32.244.179","1"
"5.223.48.69","1"
"5.78.72.92","1"
"4.188.110.88","1"
"4.188.109.77","1"
"4.188.106.137","1"
"3.250.243.122","1"
"3.250.243.121","1"
"3.250.243.119","1"
"3.250.243.111","1"
"3.250.243.107","1"
"3.250.243.104","1"
"3.250.243.76","1"
"3.250.243.75","1"
"3.250.243.72","1"
"3.248.137.18","1"
"3.233.158.26","1"
"3.233.158.24","1"
"3.227.135.87","1"
"3.224.167.89","1"
"3.223.11.142","1"
"3.218.26.137","1"
"3.217.66.116","1"
"3.209.189.132","1"
"3.164.85.11","1"
"3.132.248.132","1"
"3.109.103.11","1"
"3.94.37.244","1"
"3.75.152.14","1"
"3.33.241.113","1"
"3.5.137.222","1"
"3.5.137.215","1"
"3.5.136.219","1"
"3.5.136.106","1"
"3.5.135.172","1"
"3.5.135.131","1"
"3.5.134.221","1"
"3.5.86.177","1"
"3.5.86.129","1"
"3.5.85.143","1"
"3.5.79.122","1"
"3.5.77.176","1"
"3.5.31.32","1"
"3.5.30.255","1"
"3.5.30.207","1"
"3.5.30.107","1"
"3.5.30.34","1"
"3.5.29.102","1"
"3.5.29.99","1"
"3.5.29.52","1"
"3.5.29.51","1"
"3.5.28.169","1"
"3.5.28.95","1"
"3.5.27.217","1"
"3.5.27.182","1"
"3.5.27.158","1"
"3.5.27.81","1"
"3.5.25.250","1"
"3.5.25.234","1"
"3.5.25.90","1"
"3.5.25.83","1"
"3.5.25.45","1"
"3.5.24.215","1"
"3.5.24.213","1"
"3.5.24.128","1"
"3.5.24.122","1"
"3.5.24.109","1"
"3.5.24.59","1"
"3.5.24.58","1"
"3.5.24.17","1"
"3.5.22.248","1"
"3.5.22.205","1"
"3.5.22.32","1"
"3.5.21.38","1"
"3.5.19.125","1"
"3.5.17.96","1"
"3.5.17.85","1"
"3.5.17.44","1"
"3.5.17.15","1"
"192.168.200.1","1"
"192.168.200.3","1"
"192.168.200.5","1"
"192.168.200.6","1"
"192.168.200.7","1"
"192.168.200.10","1"
"192.168.200.12","1"
"192.168.200.13","1"
"192.168.200.16","1"
"192.168.200.17","1"
"192.168.200.25","1"
"192.168.200.26","1"
"192.168.200.29","1"
"192.168.200.30","1"
"192.168.200.31","1"
"192.168.200.32","1"
"219.64.34.57","1"
"192.168.200.44","1"
"192.168.200.45","1"
"192.168.200.47","1"
"3.5.16.15","1"
"220.132.141.158","1"
"192.168.200.52","1"
"192.168.200.53","1"
"3.5.14.251","1"
"3.5.0.20","1"
"3.5.13.232","1"
"192.168.200.82","1"
"192.168.200.85","1"
"192.168.200.87","1"
"192.168.200.88","1"
"192.168.200.91","1"
"192.168.200.94","1"
"192.168.200.97","1"
"192.168.200.100","1"
"192.168.200.105","1"
"192.168.200.107","1"
"192.168.201.5","1"
"3.5.12.238","1"
"192.168.201.11","1"
"192.168.201.16","1"
"192.168.201.17","1"
"192.168.201.19","1"
"192.168.201.20","1"
"192.168.201.32","1"
"192.168.201.39","1"
"3.5.12.210","1"
"192.168.201.45","1"
"192.168.201.47","1"
"192.168.201.50","1"
"192.168.201.52","1"
"192.168.201.53","1"
"192.168.201.54","1"
"192.168.201.55","1"
"192.168.201.57","1"
"192.168.201.59","1"
"192.168.201.60","1"
"192.168.201.62","1"
"221.193.204.85","1"
"192.168.201.70","1"
"192.168.201.76","1"
"192.168.201.77","1"
"192.168.201.82","1"
"192.168.201.83","1"
"192.168.201.84","1"
"192.168.201.86","1"
"192.168.201.87","1"
"192.168.201.92","1"
"192.168.201.94","1"
"192.168.201.98","1"
"192.168.201.99","1"
"192.168.201.102","1"
"3.5.12.122","1"
"192.168.201.105","1"
"192.168.201.109","1"
"192.168.201.111","1"
"192.168.201.112","1"
"3.5.12.18","1"
"192.168.201.116","1"
"192.168.201.120","1"
"192.168.201.126","1"
"192.168.201.128","1"
"192.168.201.129","1"
"192.168.201.130","1"
"192.168.201.131","1"
"222.186.13.131","1"
"192.168.201.144","1"
"192.168.201.146","1"
"192.168.201.149","1"
"192.168.201.150","1"
"192.168.201.153","1"
"192.168.201.158","1"
"192.168.201.159","1"
"192.168.201.160","1"
"192.168.202.2","1"
"192.168.202.3","1"
"192.168.202.5","1"
"52.216.53.176","1"
"52.216.54.200","1"
"52.216.52.56","1"
"52.216.56.120","1"
"52.216.57.88","1"
"52.216.59.112","1"
"52.216.61.224","1"
"52.216.61.232","1"
"52.216.62.208","1"
"52.216.76.46","1"
"52.216.76.222","1"
"52.216.77.150","1"
"52.216.77.164","1"
"52.216.79.4","1"
"52.216.89.142","1"
"52.216.90.84","1"
"52.216.95.101","1"
"192.168.202.12","1"
"52.216.101.181","1"
"52.216.48.80","1"
"52.216.106.174","1"
"52.216.106.190","1"
"52.216.107.54","1"
"52.216.108.5","1"
"52.216.110.109","1"
"52.216.110.229","1"
"52.216.112.148","1"
"52.216.44.112","1"
"52.216.128.101","1"
"52.216.44.104","1"
"52.216.131.173","1"
"52.216.132.85","1"
"52.216.138.6","1"
"52.216.138.221","1"
"52.216.139.221","1"
"52.216.44.40","1"
"192.168.202.14","1"
"52.216.145.181","1"
"52.216.152.142","1"
"3.5.12.12","1"
"52.216.161.253","1"
"52.216.162.29","1"
"52.216.164.93","1"
"52.216.164.237","1"
"52.216.168.253","1"
"52.216.177.165","1"
"52.216.178.237","1"
"52.216.179.93","1"
"52.216.184.77","1"
"52.216.184.237","1"
"52.216.185.61","1"
"52.216.185.173","1"
"52.216.186.13","1"
"52.216.44.32","1"
"52.216.200.35","1"
"52.216.200.205","1"
"52.216.204.51","1"
"52.216.206.197","1"
"52.216.207.37","1"
"52.216.208.32","1"
"52.216.208.224","1"
"52.216.209.48","1"
"52.216.210.56","1"
"52.216.210.72","1"
"52.216.210.136","1"
"52.216.210.232","1"
"52.216.212.88","1"
"52.216.213.80","1"
"52.216.42.176","1"
"1.38.8.81","1"
"52.216.213.192","1"
"52.216.214.24","1"
"52.216.215.0","1"
"52.216.215.16","1"
"52.216.215.17","1"
"52.216.215.64","1"
"52.216.215.96","1"
"52.216.216.120","1"
"52.216.216.216","1"
"192.168.202.16","1"
"52.216.217.184","1"
"192.168.202.17","1"
"52.216.218.128","1"
"52.216.219.136","1"
"52.216.220.128","1"
"52.216.220.129","1"
"192.168.202.19","1"
"52.216.221.72","1"
"52.216.221.248","1"
"52.216.240.230","1"
"52.216.42.137","1"
"52.216.244.220","1"
"52.216.244.246","1"
"52.216.245.14","1"
"52.216.245.254","1"
"52.216.246.6","1"
"52.216.246.102","1"
"52.216.249.22","1"
"52.216.249.142","1"
"52.216.251.174","1"
"52.217.0.198","1"
"52.217.0.230","1"
"52.217.4.46","1"
"52.217.12.54","1"
"52.217.12.78","1"
"52.217.12.204","1"
"52.216.42.8","1"
"52.217.14.94","1"
"52.217.14.174","1"
"52.217.17.142","1"
"52.217.18.46","1"
"192.168.202.29","1"
"52.217.18.230","1"
"52.217.32.174","1"
"52.217.33.174","1"
"192.168.202.30","1"
"52.217.37.94","1"
"52.217.41.142","1"
"52.217.41.222","1"
"52.217.46.30","1"
"52.217.46.102","1"
"52.217.46.166","1"
"52.217.47.126","1"
"52.217.47.150","1"
"52.217.48.238","1"
"52.217.49.70","1"
"52.217.49.182","1"
"52.217.49.206","1"
"52.217.64.22","1"
"52.217.64.94","1"
"52.217.64.198","1"
"52.217.66.198","1"
"52.217.68.230","1"
"52.217.69.254","1"
"52.216.41.232","1"
"52.217.73.158","1"
"52.217.80.54","1"
"52.217.81.174","1"
"52.217.82.220","1"
"52.217.83.70","1"
"52.217.85.46","1"
"52.217.86.150","1"
"52.217.86.190","1"
"52.217.91.22","1"
"52.217.91.62","1"
"52.217.92.142","1"
"52.217.92.206","1"
"192.168.202.32","1"
"52.217.94.134","1"
"52.217.95.232","1"
"52.217.96.38","1"
"52.217.96.206","1"
"52.217.97.212","1"
"52.217.98.246","1"
"52.217.101.166","1"
"52.217.102.38","1"
"52.217.102.54","1"
"52.217.102.206","1"
"52.217.103.70","1"
"52.217.104.222","1"
"52.217.108.214","1"
"52.217.108.222","1"
"52.217.112.32","1"
"52.217.112.88","1"
"52.217.112.208","1"
"52.217.113.0","1"
"52.217.113.24","1"
"52.217.113.40","1"
"52.217.113.160","1"
"52.217.113.176","1"
"52.217.114.104","1"
"3.5.11.187","1"
"52.217.116.192","1"
"52.217.117.0","1"
"52.217.117.48","1"
"52.217.117.120","1"
"192.168.202.36","1"
"52.217.118.112","1"
"52.217.118.176","1"
"52.217.120.200","1"
"52.216.40.241","1"
"52.217.122.16","1"
"52.217.122.88","1"
"52.217.122.128","1"
"52.217.123.48","1"
"52.217.124.144","1"
"52.217.124.216","1"
"52.216.40.216","1"
"52.217.125.201","1"
"52.217.126.16","1"
"52.216.40.80","1"
"52.217.129.72","1"
"52.217.129.120","1"
"52.217.129.160","1"
"52.217.129.224","1"
"52.217.130.88","1"
"52.217.131.0","1"
"52.217.131.48","1"
"52.216.40.41","1"
"52.217.132.192","1"
"52.217.133.16","1"
"52.217.133.64","1"
"52.217.133.88","1"
"52.217.133.248","1"
"52.217.134.0","1"
"52.217.135.128","1"
"52.217.135.144","1"
"192.168.202.38","1"
"52.217.136.16","1"
"52.217.136.24","1"
"52.217.137.128","1"
"52.217.138.65","1"
"52.217.138.88","1"
"52.217.138.144","1"
"52.216.39.24","1"
"52.217.138.217","1"
"52.217.139.184","1"
"52.217.140.32","1"
"52.217.140.152","1"
"52.217.141.192","1"
"52.217.142.24","1"
"52.217.142.192","1"
"52.217.160.120","1"
"192.168.202.41","1"
"52.217.162.65","1"
"52.216.39.16","1"
"52.217.162.248","1"
"52.217.163.40","1"
"52.217.163.120","1"
"52.217.163.176","1"
"52.217.163.216","1"
"52.217.164.144","1"
"52.216.38.248","1"
"52.217.165.104","1"
"52.217.165.144","1"
"52.217.166.192","1"
"52.216.37.200","1"
"52.217.166.233","1"
"52.217.167.1","1"
"52.217.167.200","1"
"52.217.168.0","1"
"52.217.168.97","1"
"52.217.169.80","1"
"52.217.169.248","1"
"52.217.170.24","1"
"52.217.170.56","1"
"52.217.170.177","1"
"52.216.37.104","1"
"52.217.171.208","1"
"52.217.172.88","1"
"52.217.172.136","1"
"52.217.172.144","1"
"52.217.173.57","1"
"52.217.173.88","1"
"52.217.174.120","1"
"52.217.174.193","1"
"52.217.174.240","1"
"192.168.202.52","1"
"52.217.191.24","1"
"52.217.192.248","1"
"52.217.194.88","1"
"52.217.194.176","1"
"52.217.195.88","1"
"52.217.195.120","1"
"52.217.196.32","1"
"52.217.196.72","1"
"52.217.197.121","1"
"52.217.198.16","1"
"52.217.198.153","1"
"52.217.198.192","1"
"52.217.199.137","1"
"52.217.199.241","1"
"52.217.200.104","1"
"52.216.37.80","1"
"52.217.201.120","1"
"52.217.201.176","1"
"52.217.202.8","1"
"52.217.202.168","1"
"52.217.202.224","1"
"52.217.202.240","1"
"52.217.202.248","1"
"52.217.203.64","1"
"52.217.205.0","1"
"52.217.205.17","1"
"52.217.206.160","1"
"52.217.224.208","1"
"52.217.224.240","1"
"52.217.225.217","1"
"52.217.226.48","1"
"52.217.226.168","1"
"52.217.227.33","1"
"52.217.227.41","1"
"52.217.227.104","1"
"52.217.228.32","1"
"52.217.228.88","1"
"52.217.228.160","1"
"52.217.228.192","1"
"52.217.229.112","1"
"52.217.229.168","1"
"52.217.230.80","1"
"52.217.231.88","1"
"52.217.231.177","1"
"192.168.202.55","1"
"52.217.232.16","1"
"52.217.232.48","1"
"52.217.232.144","1"
"52.217.233.32","1"
"52.217.233.80","1"
"52.217.234.112","1"
"52.217.234.208","1"
"52.217.236.64","1"
"52.217.236.72","1"
"52.217.236.89","1"
"52.217.236.112","1"
"52.217.236.249","1"
"192.168.202.56","1"
"52.218.177.185","1"
"52.218.178.25","1"
"52.218.179.98","1"
"52.218.182.97","1"
"52.218.205.145","1"
"52.218.222.9","1"
"52.218.238.25","1"
"52.218.242.145","1"
"52.218.243.89","1"
"52.218.247.201","1"
"222.186.13.132","1"
"52.216.35.184","1"
"52.219.140.25","1"
"52.219.168.162","1"
"52.219.169.63","1"
"52.219.169.159","1"
"52.216.34.16","1"
"222.188.79.124","1"
"52.219.170.107","1"
"52.219.170.147","1"
"52.219.170.151","1"
"52.219.171.103","1"
"52.219.171.139","1"
"52.219.171.247","1"
"52.216.33.248","1"
"52.220.135.74","1"
"52.221.172.138","1"
"54.67.99.191","1"
"54.69.251.6","1"
"54.70.224.90","1"
"52.216.33.24","1"
"52.216.29.110","1"
"54.82.210.40","1"
"54.88.94.206","1"
"192.168.202.61","1"
"54.145.99.143","1"
"54.149.162.139","1"
"54.152.102.229","1"
"54.152.216.73","1"
"192.168.202.65","1"
"52.216.26.222","1"
"54.159.173.59","1"
"52.216.24.190","1"
"52.216.24.22","1"
"52.216.12.70","1"
"52.216.8.85","1"
"54.188.28.4","1"
"54.197.166.35","1"
"192.168.202.77","1"
"54.200.235.208","1"
"52.216.8.35","1"
"54.211.229.232","1"
"54.218.164.27","1"
"52.206.177.113","1"
"54.221.31.180","1"
"54.231.128.81","1"
"54.231.129.112","1"
"54.231.130.48","1"
"54.231.130.168","1"
"54.231.130.232","1"
"3.5.9.252","1"
"54.231.132.64","1"
"52.205.228.7","1"
"54.231.132.232","1"
"54.231.133.40","1"
"54.231.133.72","1"
"54.231.134.144","1"
"54.231.134.176","1"
"52.204.70.86","1"
"54.231.136.168","1"
"54.231.136.208","1"
"54.231.137.41","1"
"54.231.137.64","1"
"54.231.137.185","1"
"54.231.137.208","1"
"3.5.9.109","1"
"54.231.138.64","1"
"54.231.139.57","1"
"54.231.139.160","1"
"54.231.140.168","1"
"54.231.140.224","1"
"54.231.160.8","1"
"54.231.160.56","1"
"54.231.160.152","1"
"54.231.161.161","1"
"54.231.161.248","1"
"54.231.162.72","1"
"54.231.163.72","1"
"54.231.163.208","1"
"54.231.166.72","1"
"54.231.166.104","1"
"54.231.167.120","1"
"54.231.168.16","1"
"54.231.168.65","1"
"54.231.168.96","1"
"54.231.168.128","1"
"54.231.168.176","1"
"54.231.168.192","1"
"54.231.169.104","1"
"54.231.169.176","1"
"54.231.169.216","1"
"192.168.202.84","1"
"54.231.170.56","1"
"54.231.170.184","1"
"192.168.202.87","1"
"54.231.171.72","1"
"52.203.222.137","1"
"54.231.192.240","1"
"54.231.193.160","1"
"54.231.194.200","1"
"54.231.194.208","1"
"54.231.197.8","1"
"54.231.198.96","1"
"54.231.198.216","1"
"54.231.199.49","1"
"54.231.199.80","1"
"3.5.9.70","1"
"54.231.199.185","1"
"54.231.199.208","1"
"54.231.200.136","1"
"54.231.201.48","1"
"54.231.201.104","1"
"54.231.201.168","1"
"54.231.201.208","1"
"54.231.201.216","1"
"54.231.202.0","1"
"54.231.202.177","1"
"54.231.203.56","1"
"54.231.203.104","1"
"54.231.203.176","1"
"54.231.203.192","1"
"54.231.203.201","1"
"54.231.203.233","1"
"54.231.224.8","1"
"3.5.9.15","1"
"194.26.135.82","1"
"54.231.225.16","1"
"54.231.225.120","1"
"54.231.225.184","1"
"54.231.225.193","1"
"54.231.226.80","1"
"54.231.226.112","1"
"54.231.227.120","1"
"54.231.227.160","1"
"54.231.228.208","1"
"54.231.229.88","1"
"54.231.229.96","1"
"54.231.229.184","1"
"54.231.229.200","1"
"54.231.230.192","1"
"54.231.231.48","1"
"54.231.231.72","1"
"54.231.232.48","1"
"54.231.232.184","1"
"54.231.232.192","1"
"54.231.233.105","1"
"54.231.234.88","1"
"54.231.235.32","1"
"54.231.235.104","1"
"54.231.235.184","1"
"52.182.143.209","1"
"54.237.59.39","1"
"54.239.34.226","1"
"194.48.251.20","1"
"54.239.39.230","1"
"54.239.39.250","1"
"54.239.216.66","1"
"54.247.162.123","1"
"52.172.215.161","1"
"52.168.117.168","1"
"52.168.112.66","1"
"57.128.101.85","1"
"57.128.101.86","1"
"59.93.4.98","1"
"59.178.33.219","1"
"61.75.14.205","1"
"61.216.108.211","1"
"63.35.136.11","1"
"64.23.232.77","1"
"64.62.156.24","1"
"64.62.197.68","1"
"64.62.197.105","1"
"64.62.197.148","1"
"64.62.197.173","1"
"64.233.170.109","1"
"65.1.15.99","1"
"65.1.79.168","1"
"65.21.238.88","1"
"52.123.144.190","1"
"67.202.105.21","1"
"52.123.129.14","1"
"52.112.49.102","1"
"69.173.144.139","1"
"69.173.144.165","1"
"52.109.52.131","1"
"70.42.32.255","1"
"71.6.232.23","1"
"71.18.1.229","1"
"223.8.33.76","1"
"71.18.1.236","1"
"74.121.140.211","1"
"3.5.8.254","1"
"52.98.57.114","1"
"52.95.127.183","1"
"74.125.68.188","1"
"74.125.130.108","1"
"52.95.125.191","1"
"74.125.169.170","1"
"3.5.8.222","1"
"52.95.123.56","1"
"75.2.68.222","1"
"52.92.242.186","1"
"76.76.21.9","1"
"77.45.9.47","1"
"77.90.22.35","1"
"52.92.240.82","1"
"52.92.229.170","1"
"52.92.228.160","1"
"196.189.198.136","1"
"79.137.7.66","1"
"80.64.30.138","1"
"80.64.30.139","1"
"52.92.227.18","1"
"80.94.95.81","1"
"80.210.21.63","1"
"82.208.23.192","1"
"83.222.190.58","1"
"83.222.190.66","1"
"52.92.206.106","1"
"52.92.196.178","1"
"85.211.40.66","1"
"87.120.112.119","1"
"87.120.112.220","1"
"52.92.195.130","1"
"52.92.191.34","1"
"87.120.126.66","1"
"87.121.86.84","1"
"88.198.153.60","1"
"89.207.22.82","1"
"52.92.187.114","1"
"52.92.186.202","1"
"52.92.186.24","1"
"52.92.184.114","1"
"52.92.163.170","1"
"52.92.128.26","1"
"198.24.108.204","1"
"91.189.91.42","1"
"52.86.74.172","1"
"3.5.8.134","1"
"91.227.144.188","1"
"52.84.151.36","1"
"52.71.164.247","1"
"52.70.144.50","1"
"92.255.85.107","1"
"92.255.85.253","1"
"93.161.36.210","1"
"94.102.49.193","1"
"94.102.49.238","1"
"94.141.120.65","1"
"94.156.167.83","1"
"94.156.167.171","1"
"98.82.157.137","1"
"98.82.157.231","1"
"98.82.158.241","1"
"100.20.177.150","1"
"100.24.251.218","1"
"100.29.192.59","1"
"100.29.192.60","1"
"103.43.90.179","1"
"52.45.67.17","1"
"52.43.168.152","1"
"52.43.77.72","1"
"103.180.115.9","1"
"103.180.115.13","1"
"103.180.115.14","1"
"198.49.23.145","1"
"103.229.10.247","1"
"104.18.7.131","1"
"52.41.129.251","1"
"198.71.248.123","1"
"198.74.58.148","1"
"104.46.162.226","1"
"104.71.60.123","1"
"52.34.240.113","1"
"52.34.60.82","1"
"104.71.60.146","1"
"104.71.60.147","1"
"52.24.66.234","1"
"3.5.8.47","1"
"52.12.47.65","1"
"52.10.81.248","1"
"52.7.22.181","1"
"52.6.251.209","1"
"52.4.148.81","1"
"52.3.54.3","1"
"104.90.6.81","1"
"104.90.6.82","1"
"52.1.53.78","1"
"104.91.32.24","1"
"199.45.154.183","1"
"51.79.177.11","1"
"104.120.83.231","1"
"223.13.19.195","1"
"51.79.154.9","1"
"104.215.20.254","1"
"104.244.42.136","1"
"51.8.220.131","1"
"107.6.89.8","1"
"107.21.113.47","1"
"107.178.244.18","1"
"108.158.46.2","1"
"108.158.46.62","1"
"108.158.46.91","1"
"108.158.46.114","1"
"50.116.239.135","1"
"108.158.61.56","1"
"223.13.84.22","1"
"108.159.80.85","1"
"50.61.33.79","1"
"50.16.197.56","1"
"112.124.61.151","1"
"114.34.22.196","1"
"49.235.171.193","1"
"115.132.134.232","1"
"115.160.86.85","1"
"115.231.78.14","1"
"116.51.17.130","1"
"116.62.217.200","1"
"117.194.116.82","1"
"117.194.246.5","1"
"117.197.254.155","1"
"117.233.218.145","1"
"117.252.238.173","1"
"118.96.141.253","1"
"118.193.64.235","1"
"119.202.191.239","1"
"120.24.185.225","1"
"120.79.36.145","1"
"120.150.180.46","1"
"48.218.193.156","1"
"121.224.77.46","1"
"123.59.61.147","1"
